filename,width,height,class,xmin,ymin,xmax,ymax
L1000910_JPG.rf.885dd5dbbeddabd94af45e77bfcdd458.jpg,6000,4000,Jelly Milk,3180,1020,3608,1573
L1000910_JPG.rf.885dd5dbbeddabd94af45e77bfcdd458.jpg,6000,4000,Noir authentique,680,1100,1334,1773
L1000910_JPG.rf.885dd5dbbeddabd94af45e77bfcdd458.jpg,6000,4000,Noir authentique,1920,2070,2525,2708
L1000910_JPG.rf.885dd5dbbeddabd94af45e77bfcdd458.jpg,6000,4000,Noir authentique,2860,3050,3523,3670
L1000910_JPG.rf.885dd5dbbeddabd94af45e77bfcdd458.jpg,6000,4000,Jelly Milk,1210,3260,1620,3791
L1000910_JPG.rf.885dd5dbbeddabd94af45e77bfcdd458.jpg,6000,4000,Jelly Black,2530,2180,2898,2722
L1000910_JPG.rf.885dd5dbbeddabd94af45e77bfcdd458.jpg,6000,4000,Jelly Black,2230,2960,2744,3375
L1000792_JPG.rf.131b96eaa7756f3705888f8aa12bf892.jpg,6000,4000,Noir authentique,1200,2480,1840,3135
L1000792_JPG.rf.131b96eaa7756f3705888f8aa12bf892.jpg,6000,4000,Noir authentique,2670,240,3294,875
L1000792_JPG.rf.131b96eaa7756f3705888f8aa12bf892.jpg,6000,4000,Noir authentique,4430,2550,5068,3176
L1000792_JPG.rf.131b96eaa7756f3705888f8aa12bf892.jpg,6000,4000,Noblesse,2460,1430,3051,2038
L1000792_JPG.rf.131b96eaa7756f3705888f8aa12bf892.jpg,6000,4000,Noblesse,3002,1524,3594,2111
L1000756_JPG.rf.a1b62c0361a79e779a4c6d6c47a31b59.jpg,6000,4000,Jelly White,2030,1300,2464,1852
L1000756_JPG.rf.a1b62c0361a79e779a4c6d6c47a31b59.jpg,6000,4000,Jelly White,3500,2340,3929,2930
L1000756_JPG.rf.a1b62c0361a79e779a4c6d6c47a31b59.jpg,6000,4000,Stracciatella,1740,2640,2323,3224
L1000756_JPG.rf.a1b62c0361a79e779a4c6d6c47a31b59.jpg,6000,4000,Stracciatella,3790,1110,4386,1694
L1000756_JPG.rf.a1b62c0361a79e779a4c6d6c47a31b59.jpg,6000,4000,Noblesse,2570,1860,3172,2472
L1000756_JPG.rf.a1b62c0361a79e779a4c6d6c47a31b59.jpg,6000,4000,Triangolo,2810,461,3467,1178
L1000799_JPG.rf.563bf270a200da9d7b5ef0a811a50028.jpg,6000,4000,Noblesse,1930,590,2525,1184
L1000799_JPG.rf.563bf270a200da9d7b5ef0a811a50028.jpg,6000,4000,Noblesse,4540,1090,5146,1673
L1000799_JPG.rf.563bf270a200da9d7b5ef0a811a50028.jpg,6000,4000,Jelly Milk,2310,1100,2823,1535
L1000799_JPG.rf.563bf270a200da9d7b5ef0a811a50028.jpg,6000,4000,Jelly Milk,4400,1640,4892,2049
L1000799_JPG.rf.563bf270a200da9d7b5ef0a811a50028.jpg,6000,4000,Arabia,2210,2459,2754,2993
L1000799_JPG.rf.563bf270a200da9d7b5ef0a811a50028.jpg,6000,4000,Arabia,4640,2400,5255,2960
L1000799_JPG.rf.563bf270a200da9d7b5ef0a811a50028.jpg,6000,4000,Jelly Black,2490,2830,2972,3296
L1000799_JPG.rf.563bf270a200da9d7b5ef0a811a50028.jpg,6000,4000,Jelly Black,4540,2840,5060,3309
L1000963_JPG.rf.6705066d4a7dc4928afebcf4ca5fe3e7.jpg,6000,4000,Creme brulee,2530,510,3198,1195
L1000963_JPG.rf.6705066d4a7dc4928afebcf4ca5fe3e7.jpg,6000,4000,Tentation noir,2310,1750,3043,2496
L1000963_JPG.rf.6705066d4a7dc4928afebcf4ca5fe3e7.jpg,6000,4000,Triangolo,3200,2200,3943,2955
L1000963_JPG.rf.6705066d4a7dc4928afebcf4ca5fe3e7.jpg,6000,4000,Triangolo,3180,1210,3933,1951
L1000875_JPG.rf.d930db33fc24acc11fee01b2c026cac1.jpg,6000,4000,Comtesse,2250,1550,2832,2153
L1000875_JPG.rf.d930db33fc24acc11fee01b2c026cac1.jpg,6000,4000,Jelly White,2090,2670,2640,3167
L1000875_JPG.rf.d930db33fc24acc11fee01b2c026cac1.jpg,6000,4000,Jelly Black,3030,2410,3583,2868
L1000875_JPG.rf.d930db33fc24acc11fee01b2c026cac1.jpg,6000,4000,Jelly Milk,3320,3110,3877,3560
L1000875_JPG.rf.d930db33fc24acc11fee01b2c026cac1.jpg,6000,4000,Noblesse,960,1870,1623,2544
L1000875_JPG.rf.d930db33fc24acc11fee01b2c026cac1.jpg,6000,4000,Amandina,4290,2450,4772,3462
L1000875_JPG.rf.d930db33fc24acc11fee01b2c026cac1.jpg,6000,4000,Tentation noir,3270,1590,3943,2306
L1000802_JPG.rf.23dcb3c0757d77a9e03228c5130e08db.jpg,6000,4000,Comtesse,1330,2140,1900,2713
L1000802_JPG.rf.23dcb3c0757d77a9e03228c5130e08db.jpg,6000,4000,Comtesse,3870,1720,4444,2313
L1000802_JPG.rf.23dcb3c0757d77a9e03228c5130e08db.jpg,6000,4000,Passion au lait,2640,722,3352,1407
L1000802_JPG.rf.23dcb3c0757d77a9e03228c5130e08db.jpg,6000,4000,Passion au lait,2890,2780,3599,3486
L1001000_JPG.rf.61fb1b31673d8311c80b96329c2c43fc.jpg,6000,4000,Comtesse,1200,460,1775,1030
L1001000_JPG.rf.61fb1b31673d8311c80b96329c2c43fc.jpg,6000,4000,Jelly White,1060,1130,1515,1665
L1001000_JPG.rf.61fb1b31673d8311c80b96329c2c43fc.jpg,6000,4000,Jelly White,920,1960,1355,2510
L1001000_JPG.rf.61fb1b31673d8311c80b96329c2c43fc.jpg,6000,4000,Comtesse,1190,2830,1750,3385
L1001000_JPG.rf.61fb1b31673d8311c80b96329c2c43fc.jpg,6000,4000,Amandina,3500,2180,3945,3100
L1001000_JPG.rf.61fb1b31673d8311c80b96329c2c43fc.jpg,6000,4000,Amandina,3630,700,4065,1645
L1000780_JPG.rf.1cfecfde1b5d04b64aa295e9c884f82b.jpg,6000,4000,Noblesse,400,640,1005,1230
L1000780_JPG.rf.1cfecfde1b5d04b64aa295e9c884f82b.jpg,6000,4000,Creme brulee,2230,410,2855,1025
L1000780_JPG.rf.1cfecfde1b5d04b64aa295e9c884f82b.jpg,6000,4000,Passion au lait,2010,1590,2685,2255
L1000780_JPG.rf.1cfecfde1b5d04b64aa295e9c884f82b.jpg,6000,4000,Noir authentique,920,2710,1570,3345
L1000780_JPG.rf.1cfecfde1b5d04b64aa295e9c884f82b.jpg,6000,4000,Jelly Milk,1950,3260,2440,3675
L1000780_JPG.rf.1cfecfde1b5d04b64aa295e9c884f82b.jpg,6000,4000,Jelly Milk,2690,1230,3170,1680
L1000780_JPG.rf.1cfecfde1b5d04b64aa295e9c884f82b.jpg,6000,4000,Tentation noir,3470,790,4085,1405
L1000780_JPG.rf.1cfecfde1b5d04b64aa295e9c884f82b.jpg,6000,4000,Stracciatella,4700,580,5325,1195
L1000780_JPG.rf.1cfecfde1b5d04b64aa295e9c884f82b.jpg,6000,4000,Comtesse,4870,1380,5395,1950
L1000780_JPG.rf.1cfecfde1b5d04b64aa295e9c884f82b.jpg,6000,4000,Jelly White,3550,1960,3995,2470
L1000780_JPG.rf.1cfecfde1b5d04b64aa295e9c884f82b.jpg,6000,4000,Arabia,4530,2370,5090,2925
L1000780_JPG.rf.1cfecfde1b5d04b64aa295e9c884f82b.jpg,6000,4000,Amandina,3340,2810,3780,3765
L1000780_JPG.rf.1cfecfde1b5d04b64aa295e9c884f82b.jpg,6000,4000,Triangolo,4500,3270,5145,3930
Noblesse_JPG.rf.6897dbb030b45f7ad94801328e77831d.jpg,6000,4000,Noblesse,3130,1730,3733,2364
L1000939_JPG.rf.19845d7b5e3667e08b29788189ca4723.jpg,6000,4000,Triangolo,1130,1350,1861,2061
L1000939_JPG.rf.19845d7b5e3667e08b29788189ca4723.jpg,6000,4000,Triangolo,3650,1760,4381,2466
L1000939_JPG.rf.19845d7b5e3667e08b29788189ca4723.jpg,6000,4000,Tentation noir,2657,2680,3268,3320
L1000939_JPG.rf.19845d7b5e3667e08b29788189ca4723.jpg,6000,4000,Tentation noir,1670,885,2347,1582
L1000939_JPG.rf.19845d7b5e3667e08b29788189ca4723.jpg,6000,4000,Jelly Black,1930,2220,2511,2663
L1000939_JPG.rf.19845d7b5e3667e08b29788189ca4723.jpg,6000,4000,Jelly Black,2686,1810,3245,2239
L1000939_JPG.rf.19845d7b5e3667e08b29788189ca4723.jpg,6000,4000,Jelly Milk,2251,1530,2737,2056
L1000939_JPG.rf.19845d7b5e3667e08b29788189ca4723.jpg,6000,4000,Jelly Milk,2710,1358,3274,1787
L1000928_JPG.rf.619b7295266b9e3ab785029cd433c791.jpg,6000,4000,Arabia,3640,540,4215,1165
L1000928_JPG.rf.619b7295266b9e3ab785029cd433c791.jpg,6000,4000,Arabia,1290,950,1885,1560
L1000928_JPG.rf.619b7295266b9e3ab785029cd433c791.jpg,6000,4000,Noir authentique,3170,900,3800,1565
L1000928_JPG.rf.619b7295266b9e3ab785029cd433c791.jpg,6000,4000,Noir authentique,3660,1250,4305,1925
L1000928_JPG.rf.619b7295266b9e3ab785029cd433c791.jpg,6000,4000,Stracciatella,710,2650,1390,3285
L1000928_JPG.rf.619b7295266b9e3ab785029cd433c791.jpg,6000,4000,Stracciatella,950,480,1625,1140
L1000797_JPG.rf.df1df24e57ff27605ddd1cd4ed1b8562.jpg,6000,4000,Noblesse,1550,1800,2190,2411
L1000797_JPG.rf.df1df24e57ff27605ddd1cd4ed1b8562.jpg,6000,4000,Noblesse,2750,2553,3340,3182
L1000797_JPG.rf.df1df24e57ff27605ddd1cd4ed1b8562.jpg,6000,4000,Noir authentique,3330,1281,3971,1907
L1000797_JPG.rf.df1df24e57ff27605ddd1cd4ed1b8562.jpg,6000,4000,Noir authentique,4120,2090,4770,2742
L1000797_JPG.rf.df1df24e57ff27605ddd1cd4ed1b8562.jpg,6000,4000,Creme brulee,2410,590,3047,1216
L1000797_JPG.rf.df1df24e57ff27605ddd1cd4ed1b8562.jpg,6000,4000,Creme brulee,5130,1790,5759,2439
Amandina_JPG.rf.f68b5627f29c9a1f7c6284063f3ef4bc.jpg,6000,4000,Amandina,2680,2190,3599,2686
L1000804_JPG.rf.202cf4358c1ff6cbf563e91690abbf19.jpg,6000,4000,Triangolo,840,680,1517,1373
L1000804_JPG.rf.202cf4358c1ff6cbf563e91690abbf19.jpg,6000,4000,Triangolo,3650,3130,4324,3875
L1000804_JPG.rf.202cf4358c1ff6cbf563e91690abbf19.jpg,6000,4000,Noir authentique,2180,1680,2835,2311
L1000804_JPG.rf.202cf4358c1ff6cbf563e91690abbf19.jpg,6000,4000,Noir authentique,2330,2270,2964,2867
L1000804_JPG.rf.202cf4358c1ff6cbf563e91690abbf19.jpg,6000,4000,Creme brulee,5220,820,5831,1436
L1000817_JPG.rf.7db2795a6a77c19ef91319654a9d0d0e.jpg,6000,4000,Creme brulee,2610,1270,3230,1914
L1000817_JPG.rf.7db2795a6a77c19ef91319654a9d0d0e.jpg,6000,4000,Creme brulee,1550,2610,2196,3268
L1000817_JPG.rf.7db2795a6a77c19ef91319654a9d0d0e.jpg,6000,4000,Arabia,3740,1570,4316,2134
L1000817_JPG.rf.7db2795a6a77c19ef91319654a9d0d0e.jpg,6000,4000,Arabia,4590,1860,5153,2428
L1000817_JPG.rf.7db2795a6a77c19ef91319654a9d0d0e.jpg,6000,4000,Comtesse,3410,3160,3976,3736
L1000894_JPG.rf.6be4dc1bd54e75ab1a23fad92111ea63.jpg,6000,4000,Passion au lait,1140,490,1823,1257
L1000894_JPG.rf.6be4dc1bd54e75ab1a23fad92111ea63.jpg,6000,4000,Passion au lait,1230,2341,1928,3110
L1000894_JPG.rf.6be4dc1bd54e75ab1a23fad92111ea63.jpg,6000,4000,Stracciatella,1880,3130,2482,3682
L1000894_JPG.rf.6be4dc1bd54e75ab1a23fad92111ea63.jpg,6000,4000,Stracciatella,2420,1690,2975,2280
L1000894_JPG.rf.6be4dc1bd54e75ab1a23fad92111ea63.jpg,6000,4000,Comtesse,3350,2040,3883,2604
L1000926_JPG.rf.ed6095097f99b945639af9ca36459f68.jpg,6000,4000,Comtesse,1680,660,2259,1240
L1000926_JPG.rf.ed6095097f99b945639af9ca36459f68.jpg,6000,4000,Comtesse,3392,1240,3953,1800
L1000926_JPG.rf.ed6095097f99b945639af9ca36459f68.jpg,6000,4000,Comtesse,4240,1691,4819,2288
L1000926_JPG.rf.ed6095097f99b945639af9ca36459f68.jpg,6000,4000,Comtesse,3110,2500,3681,3082
L1000926_JPG.rf.ed6095097f99b945639af9ca36459f68.jpg,6000,4000,Comtesse,1640,2560,2228,3156
L1000926_JPG.rf.ed6095097f99b945639af9ca36459f68.jpg,6000,4000,Jelly White,2390,2040,2917,2588
L1000926_JPG.rf.ed6095097f99b945639af9ca36459f68.jpg,6000,4000,Jelly White,1350,1440,1798,2009
L1000926_JPG.rf.ed6095097f99b945639af9ca36459f68.jpg,6000,4000,Jelly White,2390,1240,2807,1808
L1000763_JPG.rf.7044b4073155c89c7d9f8b8d6d24b225.jpg,6000,4000,Jelly Milk,2230,400,2647,948
L1000763_JPG.rf.7044b4073155c89c7d9f8b8d6d24b225.jpg,6000,4000,Jelly Milk,5100,560,5506,1070
L1000763_JPG.rf.7044b4073155c89c7d9f8b8d6d24b225.jpg,6000,4000,Jelly Milk,4990,3200,5453,3764
L1000763_JPG.rf.7044b4073155c89c7d9f8b8d6d24b225.jpg,6000,4000,Jelly Black,4630,2000,5045,2532
L1000763_JPG.rf.7044b4073155c89c7d9f8b8d6d24b225.jpg,6000,4000,Jelly Black,2590,1810,3033,2373
L1000763_JPG.rf.7044b4073155c89c7d9f8b8d6d24b225.jpg,6000,4000,Jelly Black,520,1720,950,2264
L1000763_JPG.rf.7044b4073155c89c7d9f8b8d6d24b225.jpg,6000,4000,Jelly White,1640,3080,2221,3562
L1000763_JPG.rf.7044b4073155c89c7d9f8b8d6d24b225.jpg,6000,4000,Jelly White,3450,900,4033,1362
L1000987_JPG.rf.beb04159173146c81cac83bf82b1a069.jpg,6000,4000,Creme brulee,3060,2590,3669,3246
L1000987_JPG.rf.beb04159173146c81cac83bf82b1a069.jpg,6000,4000,Creme brulee,1670,1170,2319,1838
L1000987_JPG.rf.beb04159173146c81cac83bf82b1a069.jpg,6000,4000,Tentation noir,2370,2330,2934,2918
L1000987_JPG.rf.beb04159173146c81cac83bf82b1a069.jpg,6000,4000,Tentation noir,2790,920,3409,1546
L1000987_JPG.rf.beb04159173146c81cac83bf82b1a069.jpg,6000,4000,Noblesse,820,1500,1459,2114
L1000987_JPG.rf.beb04159173146c81cac83bf82b1a069.jpg,6000,4000,Noblesse,3510,2000,4131,2646
Passion_au_lait_JPG.rf.b34242418eab498e36192710c78475cc.jpg,6000,4000,Passion au lait,2850,1710,3595,2390
Creme_brulee_JPG.rf.4e011a1df0c0e4bbfa0d9badf253abf2.jpg,6000,4000,Creme brulee,3060,1920,3690,2581
L1000788_JPG.rf.2d892de22feada91fc8897face97098e.jpg,6000,4000,Jelly Milk,1630,1360,2202,1946
L1000788_JPG.rf.2d892de22feada91fc8897face97098e.jpg,6000,4000,Jelly Milk,4690,1240,5227,1801
L1000788_JPG.rf.2d892de22feada91fc8897face97098e.jpg,6000,4000,Jelly Black,1550,2741,2110,3205
L1000788_JPG.rf.2d892de22feada91fc8897face97098e.jpg,6000,4000,Jelly Black,3130,3070,3549,3631
L1000788_JPG.rf.2d892de22feada91fc8897face97098e.jpg,6000,4000,Jelly Black,4360,2080,4775,2704
L1000788_JPG.rf.2d892de22feada91fc8897face97098e.jpg,6000,4000,Jelly White,3150,1850,3678,2369
L1000788_JPG.rf.2d892de22feada91fc8897face97098e.jpg,6000,4000,Jelly White,3320,780,3853,1246
L1000896_JPG.rf.52b83e327a5b4ca38f8744b04f629ece.jpg,6000,4000,Passion au lait,2580,694,3309,1470
L1000896_JPG.rf.52b83e327a5b4ca38f8744b04f629ece.jpg,6000,4000,Passion au lait,500,2558,1272,3325
L1000896_JPG.rf.52b83e327a5b4ca38f8744b04f629ece.jpg,6000,4000,Jelly White,1700,2990,2285,3472
L1000896_JPG.rf.52b83e327a5b4ca38f8744b04f629ece.jpg,6000,4000,Jelly White,2780,2160,3173,2768
L1000896_JPG.rf.52b83e327a5b4ca38f8744b04f629ece.jpg,6000,4000,Comtesse,3410,3230,4017,3865
L1000896_JPG.rf.52b83e327a5b4ca38f8744b04f629ece.jpg,6000,4000,Comtesse,4240,2030,4857,2639
L1000827_JPG.rf.5a1e6637b422179441f3bdb9328b8a8d.jpg,6000,4000,Creme brulee,980,2580,1645,3263
L1000827_JPG.rf.5a1e6637b422179441f3bdb9328b8a8d.jpg,6000,4000,Creme brulee,1980,3160,2614,3812
L1000827_JPG.rf.5a1e6637b422179441f3bdb9328b8a8d.jpg,6000,4000,Tentation noir,3420,2130,3948,2730
L1000827_JPG.rf.5a1e6637b422179441f3bdb9328b8a8d.jpg,6000,4000,Tentation noir,3920,1460,4507,2087
L1000827_JPG.rf.5a1e6637b422179441f3bdb9328b8a8d.jpg,6000,4000,Tentation noir,3300,1080,3867,1669
L1000827_JPG.rf.5a1e6637b422179441f3bdb9328b8a8d.jpg,6000,4000,Arabia,4640,2330,5230,2907
L1000827_JPG.rf.5a1e6637b422179441f3bdb9328b8a8d.jpg,6000,4000,Noblesse,5260,1760,5894,2373
L1000827_JPG.rf.5a1e6637b422179441f3bdb9328b8a8d.jpg,6000,4000,Noblesse,4970,2930,5567,3538
L1010015_JPG.rf.6492e7b5bcef7c183cfbb5234f3fc730.jpg,6000,4000,Comtesse,3310,2710,3854,3270
L1010015_JPG.rf.6492e7b5bcef7c183cfbb5234f3fc730.jpg,6000,4000,Jelly Black,1990,1460,2433,1984
L1010015_JPG.rf.6492e7b5bcef7c183cfbb5234f3fc730.jpg,6000,4000,Jelly Black,990,1590,1508,1998
L1010015_JPG.rf.6492e7b5bcef7c183cfbb5234f3fc730.jpg,6000,4000,Jelly Milk,1020,1270,1563,1639
Stracciatella_JPG.rf.0330d3fee1e1133d7a1766e64f048c57.jpg,6000,4000,Stracciatella,3380,2036,3951,2648
L1000876_JPG.rf.9f87206b5d6e5b345eb4f8abbac3b563.jpg,6000,4000,Tentation noir,2190,1050,2826,1698
L1000876_JPG.rf.9f87206b5d6e5b345eb4f8abbac3b563.jpg,6000,4000,Tentation noir,2930,1260,3543,1885
L1000876_JPG.rf.9f87206b5d6e5b345eb4f8abbac3b563.jpg,6000,4000,Comtesse,2510,1550,3081,2141
L1000876_JPG.rf.9f87206b5d6e5b345eb4f8abbac3b563.jpg,6000,4000,Passion au lait,2290,1950,3060,2675
L1000815_JPG.rf.cf289461e7440e893a54712789281dab.jpg,6000,4000,Amandina,2660,2090,3055,2970
L1000815_JPG.rf.cf289461e7440e893a54712789281dab.jpg,6000,4000,Jelly Black,2880,1280,3255,1735
L1000815_JPG.rf.cf289461e7440e893a54712789281dab.jpg,6000,4000,Noblesse,4520,1050,5070,1630
L1000815_JPG.rf.cf289461e7440e893a54712789281dab.jpg,6000,4000,Jelly White,4080,1920,4460,2450
L1000815_JPG.rf.cf289461e7440e893a54712789281dab.jpg,6000,4000,Noir authentique,3920,2760,4510,3345
L1000815_JPG.rf.cf289461e7440e893a54712789281dab.jpg,6000,4000,Triangolo,4690,2460,5280,3120
Jelly_Milk_JPG.rf.eca6fed26651fd03ed439b356317da5b.jpg,6000,4000,Jelly Milk,3080,1980,3626,2434
L1010035_JPG.rf.858f2feb48b2af02211d78cc1bc78e09.jpg,6000,4000,Noblesse,3060,100,3620,670
L1010035_JPG.rf.858f2feb48b2af02211d78cc1bc78e09.jpg,6000,4000,Noblesse,1720,2000,2335,2620
L1010035_JPG.rf.858f2feb48b2af02211d78cc1bc78e09.jpg,6000,4000,Noblesse,2470,2490,3110,3085
L1010035_JPG.rf.858f2feb48b2af02211d78cc1bc78e09.jpg,6000,4000,Noir authentique,2820,1080,3435,1720
L1010035_JPG.rf.858f2feb48b2af02211d78cc1bc78e09.jpg,6000,4000,Noir authentique,3600,1520,4240,2185
L1010035_JPG.rf.858f2feb48b2af02211d78cc1bc78e09.jpg,6000,4000,Triangolo,3700,520,4325,1200
L1010035_JPG.rf.858f2feb48b2af02211d78cc1bc78e09.jpg,6000,4000,Triangolo,890,1890,1580,2555
L1010035_JPG.rf.858f2feb48b2af02211d78cc1bc78e09.jpg,6000,4000,Triangolo,1360,2700,2040,3335
L1000957_JPG.rf.9daecb86cf87a8433e3ed5f7bb529fad.jpg,6000,4000,Comtesse,1565,1890,2110,2420
L1000957_JPG.rf.9daecb86cf87a8433e3ed5f7bb529fad.jpg,6000,4000,Noir authentique,1810,1380,2380,1990
L1000957_JPG.rf.9daecb86cf87a8433e3ed5f7bb529fad.jpg,6000,4000,Noir authentique,3550,2060,4135,2635
L1000957_JPG.rf.9daecb86cf87a8433e3ed5f7bb529fad.jpg,6000,4000,Passion au lait,2450,2920,3155,3595
L1000957_JPG.rf.9daecb86cf87a8433e3ed5f7bb529fad.jpg,6000,4000,Passion au lait,2820,1070,3505,1715
L1000957_JPG.rf.9daecb86cf87a8433e3ed5f7bb529fad.jpg,6000,4000,Noblesse,2980,3270,3520,3860
L1000957_JPG.rf.9daecb86cf87a8433e3ed5f7bb529fad.jpg,6000,4000,Tentation noir,3910,3090,4505,3675
L1010014_JPG.rf.b3f90cd96965a48c26ddd3e4731cab56.jpg,6000,4000,Jelly Milk,3940,2130,4457,2653
L1010014_JPG.rf.b3f90cd96965a48c26ddd3e4731cab56.jpg,6000,4000,Triangolo,650,1350,1310,2030
L1010014_JPG.rf.b3f90cd96965a48c26ddd3e4731cab56.jpg,6000,4000,Jelly White,1320,1600,1734,2119
L1010014_JPG.rf.b3f90cd96965a48c26ddd3e4731cab56.jpg,6000,4000,Comtesse,2430,1890,2961,2488
L1010014_JPG.rf.b3f90cd96965a48c26ddd3e4731cab56.jpg,6000,4000,Comtesse,2917,2040,3434,2589
L1010014_JPG.rf.b3f90cd96965a48c26ddd3e4731cab56.jpg,6000,4000,Jelly Black,3770,2785,4268,3249
L1000981_JPG.rf.23a5fcdb4cb90a2395f402132988a816.jpg,6000,4000,Comtesse,930,1700,1495,2244
L1000981_JPG.rf.23a5fcdb4cb90a2395f402132988a816.jpg,6000,4000,Triangolo,450,1140,1115,1803
L1000981_JPG.rf.23a5fcdb4cb90a2395f402132988a816.jpg,6000,4000,Jelly Milk,1020,960,1425,1462
L1000981_JPG.rf.23a5fcdb4cb90a2395f402132988a816.jpg,6000,4000,Noblesse,1740,1500,2315,2078
L1000981_JPG.rf.23a5fcdb4cb90a2395f402132988a816.jpg,6000,4000,Noir authentique,2790,1470,3412,2100
L1000791_JPG.rf.f59f4bf10239d770b214030f89996ce5.jpg,6000,4000,Stracciatella,1400,1220,2063,1867
L1000791_JPG.rf.f59f4bf10239d770b214030f89996ce5.jpg,6000,4000,Noblesse,3890,880,4511,1517
L1000791_JPG.rf.f59f4bf10239d770b214030f89996ce5.jpg,6000,4000,Triangolo,2400,2350,3081,3029
L1000791_JPG.rf.f59f4bf10239d770b214030f89996ce5.jpg,6000,4000,Triangolo,2750,2140,3413,2783
L1000791_JPG.rf.f59f4bf10239d770b214030f89996ce5.jpg,6000,4000,Arabia,4260,2112,4860,2681
L1000785_JPG.rf.42b08016b7c238fc0c8958a10953c6cd.jpg,6000,4000,Stracciatella,1158,1022,1741,1577
L1000785_JPG.rf.42b08016b7c238fc0c8958a10953c6cd.jpg,6000,4000,Stracciatella,1272,1462,1831,2037
L1000785_JPG.rf.42b08016b7c238fc0c8958a10953c6cd.jpg,6000,4000,Amandina,2190,1496,3075,2027
L1000785_JPG.rf.42b08016b7c238fc0c8958a10953c6cd.jpg,6000,4000,Noir authentique,3200,1626,3818,2239
L1000785_JPG.rf.42b08016b7c238fc0c8958a10953c6cd.jpg,6000,4000,Jelly White,5180,2980,5707,3433
L1010012_JPG.rf.e72cc9eac2552a2eba0901bda357ac84.jpg,6000,4000,Noblesse,1760,440,2300,995
L1010012_JPG.rf.e72cc9eac2552a2eba0901bda357ac84.jpg,6000,4000,Noblesse,1510,960,2055,1485
L1010012_JPG.rf.e72cc9eac2552a2eba0901bda357ac84.jpg,6000,4000,Arabia,2120,1230,2615,1750
L1010012_JPG.rf.e72cc9eac2552a2eba0901bda357ac84.jpg,6000,4000,Arabia,2820,2160,3325,2710
L1010012_JPG.rf.e72cc9eac2552a2eba0901bda357ac84.jpg,6000,4000,Passion au lait,2960,1620,3625,2270
L1010012_JPG.rf.e72cc9eac2552a2eba0901bda357ac84.jpg,6000,4000,Passion au lait,2140,2300,2755,2955
L1010012_JPG.rf.e72cc9eac2552a2eba0901bda357ac84.jpg,6000,4000,Noir authentique,1880,1710,2480,2295
L1010012_JPG.rf.e72cc9eac2552a2eba0901bda357ac84.jpg,6000,4000,Noir authentique,3380,2090,3950,2695
L1010012_JPG.rf.e72cc9eac2552a2eba0901bda357ac84.jpg,6000,4000,Stracciatella,2505,940,3100,1520
L1010012_JPG.rf.e72cc9eac2552a2eba0901bda357ac84.jpg,6000,4000,Stracciatella,3180,2850,3690,3385
Triangolo_JPG.rf.5d85e2a5dd8cab6aa5fe2983e871a6e9.jpg,6000,4000,Triangolo,2940,1720,3560,2325
L1000951_JPG.rf.0f5a37e8b232b022e48f1fe85c1d9d1d.jpg,6000,4000,Noir authentique,1480,480,2060,1085
L1000951_JPG.rf.0f5a37e8b232b022e48f1fe85c1d9d1d.jpg,6000,4000,Noir authentique,2910,1400,3515,2005
L1000951_JPG.rf.0f5a37e8b232b022e48f1fe85c1d9d1d.jpg,6000,4000,Passion au lait,1710,1830,2345,2475
L1000951_JPG.rf.0f5a37e8b232b022e48f1fe85c1d9d1d.jpg,6000,4000,Passion au lait,3160,2700,3825,3350
L1000951_JPG.rf.0f5a37e8b232b022e48f1fe85c1d9d1d.jpg,6000,4000,Jelly Milk,2430,790,2835,1235
L1000951_JPG.rf.0f5a37e8b232b022e48f1fe85c1d9d1d.jpg,6000,4000,Jelly Black,2500,1230,2965,1630
L1000951_JPG.rf.0f5a37e8b232b022e48f1fe85c1d9d1d.jpg,6000,4000,Noblesse,2620,2050,3180,2635
L1000951_JPG.rf.0f5a37e8b232b022e48f1fe85c1d9d1d.jpg,6000,4000,Noblesse,2460,3020,2985,3565
L1010009_JPG.rf.2c60d5299d7782adaa0070bbd74ed014.jpg,6000,4000,Arabia,3440,2390,4037,2959
L1010009_JPG.rf.2c60d5299d7782adaa0070bbd74ed014.jpg,6000,4000,Arabia,2675,820,3226,1359
L1010009_JPG.rf.2c60d5299d7782adaa0070bbd74ed014.jpg,6000,4000,Comtesse,1300,1880,1860,2440
L1010009_JPG.rf.2c60d5299d7782adaa0070bbd74ed014.jpg,6000,4000,Comtesse,1780,2370,2304,2907
L1010009_JPG.rf.2c60d5299d7782adaa0070bbd74ed014.jpg,6000,4000,Passion au lait,2920,1710,3563,2442
L1010009_JPG.rf.2c60d5299d7782adaa0070bbd74ed014.jpg,6000,4000,Passion au lait,2190,1180,2896,1858
L1000946_JPG.rf.60239831a70d430af2bfecf9f663b38e.jpg,6000,4000,Jelly White,3360,1360,3879,1843
L1000946_JPG.rf.60239831a70d430af2bfecf9f663b38e.jpg,6000,4000,Jelly White,1610,2030,2138,2515
L1000946_JPG.rf.60239831a70d430af2bfecf9f663b38e.jpg,6000,4000,Creme brulee,3230,1970,3828,2599
L1000946_JPG.rf.60239831a70d430af2bfecf9f663b38e.jpg,6000,4000,Tentation noir,2530,3200,3106,3795
L1000946_JPG.rf.60239831a70d430af2bfecf9f663b38e.jpg,6000,4000,Tentation noir,2179,750,2845,1389
L1000965_JPG.rf.815b35765c37514576b82b7b434801fb.jpg,6000,4000,Arabia,2080,630,2650,1235
L1000965_JPG.rf.815b35765c37514576b82b7b434801fb.jpg,6000,4000,Passion au lait,2940,870,3623,1624
L1000965_JPG.rf.815b35765c37514576b82b7b434801fb.jpg,6000,4000,Passion au lait,1840,1350,2554,2041
L1000965_JPG.rf.815b35765c37514576b82b7b434801fb.jpg,6000,4000,Passion au lait,2440,2370,3181,3045
L1000965_JPG.rf.815b35765c37514576b82b7b434801fb.jpg,6000,4000,Stracciatella,2466,1645,3066,2266
L1000965_JPG.rf.815b35765c37514576b82b7b434801fb.jpg,6000,4000,Stracciatella,3720,2260,4378,2914
L1000965_JPG.rf.815b35765c37514576b82b7b434801fb.jpg,6000,4000,Stracciatella,3180,2630,3810,3265
L1000965_JPG.rf.815b35765c37514576b82b7b434801fb.jpg,6000,4000,Arabia,3850,1720,4398,2313
L1000843_JPG.rf.d0ff6b97e24839783347db58badb94e9.jpg,6000,4000,Arabia,1090,610,1658,1177
L1000843_JPG.rf.d0ff6b97e24839783347db58badb94e9.jpg,6000,4000,Arabia,1460,2950,2026,3514
L1000843_JPG.rf.d0ff6b97e24839783347db58badb94e9.jpg,6000,4000,Arabia,2900,1450,3451,1995
L1000843_JPG.rf.d0ff6b97e24839783347db58badb94e9.jpg,6000,4000,Passion au lait,2570,2410,3247,3149
L1000843_JPG.rf.d0ff6b97e24839783347db58badb94e9.jpg,6000,4000,Passion au lait,3450,2430,4150,3153
L1000843_JPG.rf.d0ff6b97e24839783347db58badb94e9.jpg,6000,4000,Passion au lait,2480,350,3141,1052
L1000843_JPG.rf.d0ff6b97e24839783347db58badb94e9.jpg,6000,4000,Stracciatella,4000,1230,4616,1844
L1000843_JPG.rf.d0ff6b97e24839783347db58badb94e9.jpg,6000,4000,Stracciatella,5010,1750,5624,2401
L1000843_JPG.rf.d0ff6b97e24839783347db58badb94e9.jpg,6000,4000,Stracciatella,4610,2560,5238,3195
L1000765_JPG.rf.26e67c73de367809b8edbf3341ea4a92.jpg,6000,4000,Triangolo,1730,2110,2390,2780
L1000765_JPG.rf.26e67c73de367809b8edbf3341ea4a92.jpg,6000,4000,Triangolo,3060,2110,3685,2750
L1000765_JPG.rf.26e67c73de367809b8edbf3341ea4a92.jpg,6000,4000,Triangolo,2460,1260,3105,1955
L1000765_JPG.rf.26e67c73de367809b8edbf3341ea4a92.jpg,6000,4000,Passion au lait,3580,1150,4195,1800
L1000765_JPG.rf.26e67c73de367809b8edbf3341ea4a92.jpg,6000,4000,Passion au lait,4260,2190,4880,2880
L1010041_JPG.rf.e81ad4474bae93179529c5cac652e944.jpg,6000,4000,Tentation noir,1170,480,1753,1114
L1010041_JPG.rf.e81ad4474bae93179529c5cac652e944.jpg,6000,4000,Tentation noir,2040,580,2629,1210
L1010041_JPG.rf.e81ad4474bae93179529c5cac652e944.jpg,6000,4000,Stracciatella,1240,1570,1845,2155
L1010041_JPG.rf.e81ad4474bae93179529c5cac652e944.jpg,6000,4000,Stracciatella,2200,1590,2731,2167
L1010041_JPG.rf.e81ad4474bae93179529c5cac652e944.jpg,6000,4000,Stracciatella,3060,1510,3629,2112
L1010041_JPG.rf.e81ad4474bae93179529c5cac652e944.jpg,6000,4000,Amandina,1100,1200,1998,1610
L1010041_JPG.rf.e81ad4474bae93179529c5cac652e944.jpg,6000,4000,Amandina,2820,250,3310,1167
L1000854_JPG.rf.8cf09ce5c39d34a75e01bd8c5e1562cf.jpg,6000,4000,Jelly Black,1230,1190,1740,1610
L1000854_JPG.rf.8cf09ce5c39d34a75e01bd8c5e1562cf.jpg,6000,4000,Jelly Black,2825,2590,3255,3015
L1000854_JPG.rf.8cf09ce5c39d34a75e01bd8c5e1562cf.jpg,6000,4000,Passion au lait,1140,2250,1830,2890
L1000854_JPG.rf.8cf09ce5c39d34a75e01bd8c5e1562cf.jpg,6000,4000,Passion au lait,4860,80,5470,755
L1000854_JPG.rf.8cf09ce5c39d34a75e01bd8c5e1562cf.jpg,6000,4000,Tentation noir,3380,120,3895,645
L1000854_JPG.rf.8cf09ce5c39d34a75e01bd8c5e1562cf.jpg,6000,4000,Tentation noir,4930,1760,5495,2350
L1000854_JPG.rf.8cf09ce5c39d34a75e01bd8c5e1562cf.jpg,6000,4000,Stracciatella,3860,670,4350,1205
L1000854_JPG.rf.8cf09ce5c39d34a75e01bd8c5e1562cf.jpg,6000,4000,Stracciatella,3980,2800,4485,3355
L1010029_JPG.rf.253398bed6b5ed07d9ea8dbf646c24b9.jpg,6000,4000,Noir authentique,2700,810,3325,1435
L1010029_JPG.rf.253398bed6b5ed07d9ea8dbf646c24b9.jpg,6000,4000,Noir authentique,1210,2630,1815,3260
L1010029_JPG.rf.253398bed6b5ed07d9ea8dbf646c24b9.jpg,6000,4000,Comtesse,1850,1950,2390,2500
L1010029_JPG.rf.253398bed6b5ed07d9ea8dbf646c24b9.jpg,6000,4000,Comtesse,3310,2120,3870,2645
L1010029_JPG.rf.253398bed6b5ed07d9ea8dbf646c24b9.jpg,6000,4000,Creme brulee,3300,960,3885,1555
L1010029_JPG.rf.253398bed6b5ed07d9ea8dbf646c24b9.jpg,6000,4000,Creme brulee,1290,2050,1895,2675
L1000900_JPG.rf.2959d78d15c75224722cc3a256313c58.jpg,6000,4000,Noir authentique,1180,1000,1800,1625
L1000900_JPG.rf.2959d78d15c75224722cc3a256313c58.jpg,6000,4000,Noblesse,2610,450,3190,1015
L1000900_JPG.rf.2959d78d15c75224722cc3a256313c58.jpg,6000,4000,Arabia,3610,1200,4160,1740
L1000900_JPG.rf.2959d78d15c75224722cc3a256313c58.jpg,6000,4000,Stracciatella,1290,2160,1850,2725
L1000900_JPG.rf.2959d78d15c75224722cc3a256313c58.jpg,6000,4000,Passion au lait,2650,2120,3310,2785
L1000831_JPG.rf.50e638223b7c9f38b87baf7e7cb4e54a.jpg,6000,4000,Noblesse,1880,2430,2440,3010
L1000831_JPG.rf.50e638223b7c9f38b87baf7e7cb4e54a.jpg,6000,4000,Noblesse,4320,2100,4890,2670
L1000831_JPG.rf.50e638223b7c9f38b87baf7e7cb4e54a.jpg,6000,4000,Comtesse,2780,1370,3295,1910
L1000831_JPG.rf.50e638223b7c9f38b87baf7e7cb4e54a.jpg,6000,4000,Comtesse,4050,2690,4585,3180
L1000831_JPG.rf.50e638223b7c9f38b87baf7e7cb4e54a.jpg,6000,4000,Triangolo,5080,2530,5685,3175
L1000890_JPG.rf.79f5fcd4e885a17950a810b79da64c07.jpg,6000,4000,Jelly Black,900,1800,1380,2335
L1000890_JPG.rf.79f5fcd4e885a17950a810b79da64c07.jpg,6000,4000,Jelly Black,2720,2270,3120,2755
L1000890_JPG.rf.79f5fcd4e885a17950a810b79da64c07.jpg,6000,4000,Jelly White,1970,1470,2380,2040
L1000890_JPG.rf.79f5fcd4e885a17950a810b79da64c07.jpg,6000,4000,Jelly White,3630,1650,4090,2160
L1000890_JPG.rf.79f5fcd4e885a17950a810b79da64c07.jpg,6000,4000,Jelly Milk,1770,3130,2195,3670
L1000890_JPG.rf.79f5fcd4e885a17950a810b79da64c07.jpg,6000,4000,Jelly Milk,3340,2900,3745,3395
L1000989_JPG.rf.a297ecd275942b4e482d8622df0dc135.jpg,6000,4000,Passion au lait,600,910,1225,1595
L1000989_JPG.rf.a297ecd275942b4e482d8622df0dc135.jpg,6000,4000,Passion au lait,390,2090,1090,2755
L1000989_JPG.rf.a297ecd275942b4e482d8622df0dc135.jpg,6000,4000,Stracciatella,1440,930,2025,1510
L1000989_JPG.rf.a297ecd275942b4e482d8622df0dc135.jpg,6000,4000,Stracciatella,2450,590,3040,1195
L1000989_JPG.rf.a297ecd275942b4e482d8622df0dc135.jpg,6000,4000,Passion au lait,1645,2280,2310,2950
L1000989_JPG.rf.a297ecd275942b4e482d8622df0dc135.jpg,6000,4000,Stracciatella,2530,2790,3110,3380
L1000793_JPG.rf.2d1c134038c9735adefa39636852a840.jpg,6000,4000,Tentation noir,2070,990,2665,1550
L1000793_JPG.rf.2d1c134038c9735adefa39636852a840.jpg,6000,4000,Arabia,1860,2300,2410,2820
L1000793_JPG.rf.2d1c134038c9735adefa39636852a840.jpg,6000,4000,Stracciatella,3600,3110,4165,3685
L1000793_JPG.rf.2d1c134038c9735adefa39636852a840.jpg,6000,4000,Amandina,3680,1650,4460,2265
L1000793_JPG.rf.2d1c134038c9735adefa39636852a840.jpg,6000,4000,Creme brulee,4290,760,4850,1305
L1000793_JPG.rf.2d1c134038c9735adefa39636852a840.jpg,6000,4000,Passion au lait,4270,1920,4880,2580
L1000952_JPG.rf.9e17b402f58a9e5019e3662c5c429457.jpg,6000,4000,Amandina,1470,310,1880,1190
L1000952_JPG.rf.9e17b402f58a9e5019e3662c5c429457.jpg,6000,4000,Arabia,2030,550,2555,1115
L1000952_JPG.rf.9e17b402f58a9e5019e3662c5c429457.jpg,6000,4000,Arabia,1340,1840,1830,2340
L1000952_JPG.rf.9e17b402f58a9e5019e3662c5c429457.jpg,6000,4000,Tentation noir,2000,1300,2570,1830
L1000952_JPG.rf.9e17b402f58a9e5019e3662c5c429457.jpg,6000,4000,Creme brulee,1240,1200,1810,1760
L1000952_JPG.rf.9e17b402f58a9e5019e3662c5c429457.jpg,6000,4000,Triangolo,1620,2420,2215,3035
L1000930_JPG.rf.95e135392dea6db443756e9883cfe235.jpg,6000,4000,Creme brulee,2220,0,2865,645
L1000930_JPG.rf.95e135392dea6db443756e9883cfe235.jpg,6000,4000,Creme brulee,2000,1270,2625,1910
L1000930_JPG.rf.95e135392dea6db443756e9883cfe235.jpg,6000,4000,Creme brulee,1820,1870,2450,2495
L1000930_JPG.rf.95e135392dea6db443756e9883cfe235.jpg,6000,4000,Creme brulee,3790,3040,4405,3670
L1000930_JPG.rf.95e135392dea6db443756e9883cfe235.jpg,6000,4000,Jelly Milk,3320,560,3815,1005
L1000930_JPG.rf.95e135392dea6db443756e9883cfe235.jpg,6000,4000,Jelly Milk,3540,980,4050,1410
L1000930_JPG.rf.95e135392dea6db443756e9883cfe235.jpg,6000,4000,Jelly Milk,1790,3420,2300,3905
L1000930_JPG.rf.95e135392dea6db443756e9883cfe235.jpg,6000,4000,Jelly Black,2920,1070,3385,1550
L1000930_JPG.rf.95e135392dea6db443756e9883cfe235.jpg,6000,4000,Jelly Black,3230,1820,3700,2315
L1000930_JPG.rf.95e135392dea6db443756e9883cfe235.jpg,6000,4000,Jelly Black,3800,1760,4305,2160
L1000888_JPG.rf.a350e282f31ea8c26d0243f49c310868.jpg,6000,4000,Creme brulee,2320,1420,2900,1995
L1000888_JPG.rf.a350e282f31ea8c26d0243f49c310868.jpg,6000,4000,Creme brulee,2880,1420,3465,2015
L1000888_JPG.rf.a350e282f31ea8c26d0243f49c310868.jpg,6000,4000,Triangolo,3730,1500,4370,2110
L1000888_JPG.rf.a350e282f31ea8c26d0243f49c310868.jpg,6000,4000,Amandina,3070,2320,3845,2975
L1000888_JPG.rf.a350e282f31ea8c26d0243f49c310868.jpg,6000,4000,Amandina,3720,2180,4560,2695
L1000899_JPG.rf.4912e00843eace9bc1fcded3bf3d096d.jpg,6000,4000,Jelly Black,810,2685,1400,3090
L1000899_JPG.rf.4912e00843eace9bc1fcded3bf3d096d.jpg,6000,4000,Jelly White,2130,1555,2540,2085
L1000899_JPG.rf.4912e00843eace9bc1fcded3bf3d096d.jpg,6000,4000,Noir authentique,2320,2650,2970,3290
L1000899_JPG.rf.4912e00843eace9bc1fcded3bf3d096d.jpg,6000,4000,Jelly Milk,3460,2420,4010,2855
L1000899_JPG.rf.4912e00843eace9bc1fcded3bf3d096d.jpg,6000,4000,Comtesse,3770,830,4325,1410
L1000909_JPG.rf.3c72d4401e586e107f6c2c08f0545b26.jpg,6000,4000,Amandina,2610,790,3330,1590
L1000909_JPG.rf.3c72d4401e586e107f6c2c08f0545b26.jpg,6000,4000,Comtesse,1440,2530,2025,3100
L1000909_JPG.rf.3c72d4401e586e107f6c2c08f0545b26.jpg,6000,4000,Comtesse,2170,3390,2750,3960
L1000909_JPG.rf.3c72d4401e586e107f6c2c08f0545b26.jpg,6000,4000,Comtesse,4140,895,4690,1455
L1000909_JPG.rf.3c72d4401e586e107f6c2c08f0545b26.jpg,6000,4000,Triangolo,3340,1910,3980,2590
L1000909_JPG.rf.3c72d4401e586e107f6c2c08f0545b26.jpg,6000,4000,Tentation noir,3970,1890,4505,2490
Arabia_JPG.rf.9e54e6f2e87c0b217c35797760ffd6f6.jpg,6000,4000,Arabia,3060,2240,3570,2760
L1000941_JPG.rf.743a6547d2936a0426f8e5df19d5daf2.jpg,6000,4000,Stracciatella,1670,1080,2240,1645
L1000941_JPG.rf.743a6547d2936a0426f8e5df19d5daf2.jpg,6000,4000,Arabia,2880,2010,3455,2570
L1000941_JPG.rf.743a6547d2936a0426f8e5df19d5daf2.jpg,6000,4000,Passion au lait,1670,2280,2415,3005
L1000941_JPG.rf.743a6547d2936a0426f8e5df19d5daf2.jpg,6000,4000,Jelly White,2630,820,3020,1370
L1000941_JPG.rf.743a6547d2936a0426f8e5df19d5daf2.jpg,6000,4000,Comtesse,3010,1030,3515,1555
L1000932_JPG.rf.ded202ff0ef17d63f89c2ea9fa37b700.jpg,6000,4000,Stracciatella,1240,1660,1860,2280
L1000932_JPG.rf.ded202ff0ef17d63f89c2ea9fa37b700.jpg,6000,4000,Arabia,1140,2220,1695,2760
L1000932_JPG.rf.ded202ff0ef17d63f89c2ea9fa37b700.jpg,6000,4000,Amandina,2050,2790,3010,3235
L1000932_JPG.rf.ded202ff0ef17d63f89c2ea9fa37b700.jpg,6000,4000,Jelly White,4040,1190,4535,1680
L1000932_JPG.rf.ded202ff0ef17d63f89c2ea9fa37b700.jpg,6000,4000,Jelly White,4260,820,4675,1345
Jelly_White_JPG.rf.aa778c6d9dd04d3299673b4b56b5820d.jpg,6000,4000,Jelly White,3100,1980,3545,2515
L1010045_JPG.rf.768f4d52015391a70b4a4bebe0bca2ed.jpg,6000,4000,Jelly Black,410,970,870,1420
L1010045_JPG.rf.768f4d52015391a70b4a4bebe0bca2ed.jpg,6000,4000,Jelly White,1390,830,1780,1320
L1010045_JPG.rf.768f4d52015391a70b4a4bebe0bca2ed.jpg,6000,4000,Comtesse,1750,780,2275,1280
L1010045_JPG.rf.768f4d52015391a70b4a4bebe0bca2ed.jpg,6000,4000,Creme brulee,3040,970,3630,1555
L1010045_JPG.rf.768f4d52015391a70b4a4bebe0bca2ed.jpg,6000,4000,Triangolo,3470,460,4075,1050
L1010045_JPG.rf.768f4d52015391a70b4a4bebe0bca2ed.jpg,6000,4000,Amandina,2730,1510,3215,2365
L1010045_JPG.rf.768f4d52015391a70b4a4bebe0bca2ed.jpg,6000,4000,Tentation noir,3250,1640,3775,2130
L1010045_JPG.rf.768f4d52015391a70b4a4bebe0bca2ed.jpg,6000,4000,Jelly Milk,3540,1220,3945,1665
L1010031_JPG.rf.93e9a0f19652e3c6ad6052e4dc770185.jpg,6000,4000,Passion au lait,1140,1490,1840,2185
L1010031_JPG.rf.93e9a0f19652e3c6ad6052e4dc770185.jpg,6000,4000,Passion au lait,3310,2790,3950,3445
L1010031_JPG.rf.93e9a0f19652e3c6ad6052e4dc770185.jpg,6000,4000,Arabia,2210,1160,2765,1710
L1010031_JPG.rf.93e9a0f19652e3c6ad6052e4dc770185.jpg,6000,4000,Arabia,2790,1290,3330,1835
L1010031_JPG.rf.93e9a0f19652e3c6ad6052e4dc770185.jpg,6000,4000,Noblesse,3530,1960,4115,2545
L1010031_JPG.rf.93e9a0f19652e3c6ad6052e4dc770185.jpg,6000,4000,Noblesse,1050,2510,1635,3070
L1010031_JPG.rf.93e9a0f19652e3c6ad6052e4dc770185.jpg,6000,4000,Tentation noir,2010,3300,2595,3915
L1010031_JPG.rf.93e9a0f19652e3c6ad6052e4dc770185.jpg,6000,4000,Tentation noir,2570,3280,3145,3875
L1000844_JPG.rf.69408de81ebaaf39934de25a2272655a.jpg,6000,4000,Triangolo,880,1770,1525,2420
L1000844_JPG.rf.69408de81ebaaf39934de25a2272655a.jpg,6000,4000,Triangolo,3750,1840,4455,2470
L1000844_JPG.rf.69408de81ebaaf39934de25a2272655a.jpg,6000,4000,Triangolo,4660,2760,5265,3390
L1000844_JPG.rf.69408de81ebaaf39934de25a2272655a.jpg,6000,4000,Tentation noir,2610,2110,3190,2710
L1000844_JPG.rf.69408de81ebaaf39934de25a2272655a.jpg,6000,4000,Tentation noir,2890,1220,3475,1855
L1000844_JPG.rf.69408de81ebaaf39934de25a2272655a.jpg,6000,4000,Tentation noir,5040,940,5630,1565
L1000844_JPG.rf.69408de81ebaaf39934de25a2272655a.jpg,6000,4000,Tentation noir,1850,2970,2410,3510
L1000903_JPG.rf.dab792194cabdb4b2c9e52c6849605c2.jpg,6000,4000,Jelly White,1650,1620,2170,2115
L1000903_JPG.rf.dab792194cabdb4b2c9e52c6849605c2.jpg,6000,4000,Jelly White,2360,1750,2795,2255
L1000903_JPG.rf.dab792194cabdb4b2c9e52c6849605c2.jpg,6000,4000,Creme brulee,2900,1320,3480,1940
L1000903_JPG.rf.dab792194cabdb4b2c9e52c6849605c2.jpg,6000,4000,Creme brulee,3245,1785,3845,2435
L1010019_JPG.rf.24d363d8f326a56ebbfdc33cd4d6b400.jpg,6000,4000,Arabia,900,2120,1445,2655
L1010019_JPG.rf.24d363d8f326a56ebbfdc33cd4d6b400.jpg,6000,4000,Arabia,2520,3000,3075,3560
L1010019_JPG.rf.24d363d8f326a56ebbfdc33cd4d6b400.jpg,6000,4000,Noir authentique,1145,1315,1745,1930
L1010019_JPG.rf.24d363d8f326a56ebbfdc33cd4d6b400.jpg,6000,4000,Noir authentique,2840,2250,3445,2855
L1010019_JPG.rf.24d363d8f326a56ebbfdc33cd4d6b400.jpg,6000,4000,Stracciatella,1910,1230,2420,1790
L1010019_JPG.rf.24d363d8f326a56ebbfdc33cd4d6b400.jpg,6000,4000,Passion au lait,2770,1340,3410,2015
L1010019_JPG.rf.24d363d8f326a56ebbfdc33cd4d6b400.jpg,6000,4000,Passion au lait,910,2870,1575,3520
L1010019_JPG.rf.24d363d8f326a56ebbfdc33cd4d6b400.jpg,6000,4000,Stracciatella,1740,3000,2230,3510
L1010022_JPG.rf.a1e206486129b3d99aa7f6ff0ca91c95.jpg,6000,4000,Stracciatella,520,1280,1105,1880
L1010022_JPG.rf.a1e206486129b3d99aa7f6ff0ca91c95.jpg,6000,4000,Stracciatella,1510,2690,2065,3240
L1010022_JPG.rf.a1e206486129b3d99aa7f6ff0ca91c95.jpg,6000,4000,Passion au lait,210,2580,860,3290
L1010022_JPG.rf.a1e206486129b3d99aa7f6ff0ca91c95.jpg,6000,4000,Passion au lait,3220,2530,3855,3180
L1010022_JPG.rf.a1e206486129b3d99aa7f6ff0ca91c95.jpg,6000,4000,Noblesse,1780,1410,2305,1930
L1010022_JPG.rf.a1e206486129b3d99aa7f6ff0ca91c95.jpg,6000,4000,Noblesse,2880,1850,3410,2350
L1000993_JPG.rf.7e4798d004b83cfff07ad2ffe3366f6d.jpg,6000,4000,Noir authentique,3200,2690,3870,3350
L1000993_JPG.rf.7e4798d004b83cfff07ad2ffe3366f6d.jpg,6000,4000,Noir authentique,3330,3310,3965,3955
L1000993_JPG.rf.7e4798d004b83cfff07ad2ffe3366f6d.jpg,6000,4000,Tentation noir,3955,2245,4570,2830
L1000993_JPG.rf.7e4798d004b83cfff07ad2ffe3366f6d.jpg,6000,4000,Tentation noir,4820,2450,5465,3055
L1000993_JPG.rf.7e4798d004b83cfff07ad2ffe3366f6d.jpg,6000,4000,Passion au lait,3530,720,4255,1410
L1000850_JPG.rf.429249ef9421abca429ebc87a7fc562a.jpg,6000,4000,Triangolo,870,990,1535,1590
L1000850_JPG.rf.429249ef9421abca429ebc87a7fc562a.jpg,6000,4000,Triangolo,4090,1400,4700,2035
L1000850_JPG.rf.429249ef9421abca429ebc87a7fc562a.jpg,6000,4000,Noir authentique,1910,540,2495,1160
L1000850_JPG.rf.429249ef9421abca429ebc87a7fc562a.jpg,6000,4000,Noir authentique,2690,3170,3265,3770
L1000850_JPG.rf.429249ef9421abca429ebc87a7fc562a.jpg,6000,4000,Noblesse,3230,400,3760,965
L1000850_JPG.rf.429249ef9421abca429ebc87a7fc562a.jpg,6000,4000,Noblesse,4040,2700,4585,3270
L1000882_JPG.rf.e599c15b6b955f0f5329a7d1ad271d0d.jpg,6000,4000,Noblesse,1970,220,2510,790
L1000882_JPG.rf.e599c15b6b955f0f5329a7d1ad271d0d.jpg,6000,4000,Noir authentique,3440,1130,3970,1690
L1000882_JPG.rf.e599c15b6b955f0f5329a7d1ad271d0d.jpg,6000,4000,Stracciatella,1810,1760,2380,2315
L1000882_JPG.rf.e599c15b6b955f0f5329a7d1ad271d0d.jpg,6000,4000,Triangolo,2810,1850,3505,2530
L1000882_JPG.rf.e599c15b6b955f0f5329a7d1ad271d0d.jpg,6000,4000,Amandina,2060,2260,2580,3140
L1000772_JPG.rf.7668a7cc8054b258fb039c50f94822fc.jpg,6000,4000,Jelly White,1410,1120,2028,1668
L1000772_JPG.rf.7668a7cc8054b258fb039c50f94822fc.jpg,6000,4000,Jelly White,3930,240,4340,780
L1000772_JPG.rf.7668a7cc8054b258fb039c50f94822fc.jpg,6000,4000,Jelly White,4550,1460,5082,1953
L1000772_JPG.rf.7668a7cc8054b258fb039c50f94822fc.jpg,6000,4000,Jelly Black,3120,1830,3631,2314
L1000772_JPG.rf.7668a7cc8054b258fb039c50f94822fc.jpg,6000,4000,Jelly Milk,1570,2470,2033,2997
L1000772_JPG.rf.7668a7cc8054b258fb039c50f94822fc.jpg,6000,4000,Jelly Milk,3890,2920,4336,3464
L1000812_JPG.rf.728eaebb8c9a6b79d7ec1f77a556a375.jpg,6000,4000,Tentation noir,1530,2090,2070,2605
L1000812_JPG.rf.728eaebb8c9a6b79d7ec1f77a556a375.jpg,6000,4000,Tentation noir,3800,2470,4385,3075
L1000812_JPG.rf.728eaebb8c9a6b79d7ec1f77a556a375.jpg,6000,4000,Amandina,2440,1320,2965,2140
L1000812_JPG.rf.728eaebb8c9a6b79d7ec1f77a556a375.jpg,6000,4000,Amandina,2925,1490,3600,2190
L1000812_JPG.rf.728eaebb8c9a6b79d7ec1f77a556a375.jpg,6000,4000,Comtesse,2240,2470,2745,3005
L1000812_JPG.rf.728eaebb8c9a6b79d7ec1f77a556a375.jpg,6000,4000,Comtesse,2490,2910,3020,3430
L1000812_JPG.rf.728eaebb8c9a6b79d7ec1f77a556a375.jpg,6000,4000,Comtesse,2850,2570,3355,3100
Comtesse_JPG.rf.88c67b9feb07bc083f1ba835751fecc7.jpg,6000,4000,Comtesse,2970,1840,3560,2409
L1000972_JPG.rf.5f1bff105b6e260f9eddeb879ddaf019.jpg,6000,4000,Noblesse,2470,3370,3100,3985
L1000972_JPG.rf.5f1bff105b6e260f9eddeb879ddaf019.jpg,6000,4000,Comtesse,2760,2520,3350,3115
L1000972_JPG.rf.5f1bff105b6e260f9eddeb879ddaf019.jpg,6000,4000,Comtesse,3200,1540,3765,2125
L1000972_JPG.rf.5f1bff105b6e260f9eddeb879ddaf019.jpg,6000,4000,Noir authentique,3270,680,3865,1320
L1000972_JPG.rf.5f1bff105b6e260f9eddeb879ddaf019.jpg,6000,4000,Tentation noir,2030,340,2595,930
L1000972_JPG.rf.5f1bff105b6e260f9eddeb879ddaf019.jpg,6000,4000,Tentation noir,2280,840,2965,1480
L1000826_JPG.rf.a372fc6f59a8e80a3da270e5186e58a2.jpg,6000,4000,Stracciatella,3160,380,3735,980
L1000826_JPG.rf.a372fc6f59a8e80a3da270e5186e58a2.jpg,6000,4000,Comtesse,2480,650,3035,1185
L1000826_JPG.rf.a372fc6f59a8e80a3da270e5186e58a2.jpg,6000,4000,Noblesse,3920,740,4475,1320
L1000826_JPG.rf.a372fc6f59a8e80a3da270e5186e58a2.jpg,6000,4000,Jelly Black,2040,1150,2540,1595
L1000826_JPG.rf.a372fc6f59a8e80a3da270e5186e58a2.jpg,6000,4000,Creme brulee,1910,1700,2560,2325
L1000826_JPG.rf.a372fc6f59a8e80a3da270e5186e58a2.jpg,6000,4000,Passion au lait,3040,1740,3715,2395
L1000826_JPG.rf.a372fc6f59a8e80a3da270e5186e58a2.jpg,6000,4000,Triangolo,4150,1310,4775,1905
L1000826_JPG.rf.a372fc6f59a8e80a3da270e5186e58a2.jpg,6000,4000,Jelly White,4290,1930,4725,2380
L1000826_JPG.rf.a372fc6f59a8e80a3da270e5186e58a2.jpg,6000,4000,Arabia,4170,2370,4735,2860
L1000826_JPG.rf.a372fc6f59a8e80a3da270e5186e58a2.jpg,6000,4000,Amandina,3760,2410,4235,3305
L1000826_JPG.rf.a372fc6f59a8e80a3da270e5186e58a2.jpg,6000,4000,Noir authentique,3200,2980,3810,3615
L1000826_JPG.rf.a372fc6f59a8e80a3da270e5186e58a2.jpg,6000,4000,Tentation noir,2430,2760,2990,3370
L1000826_JPG.rf.a372fc6f59a8e80a3da270e5186e58a2.jpg,6000,4000,Jelly Milk,2080,2390,2485,2900
L1000992_JPG.rf.0bede2c5b4fc942ec76bd0857cef9411.jpg,6000,4000,Arabia,1910,780,2480,1390
L1000992_JPG.rf.0bede2c5b4fc942ec76bd0857cef9411.jpg,6000,4000,Arabia,3390,1650,4000,2225
L1000992_JPG.rf.0bede2c5b4fc942ec76bd0857cef9411.jpg,6000,4000,Arabia,2300,2720,2905,3355
L1000810_JPG.rf.452ec701d58eb7f77c9e012264360961.jpg,6000,4000,Arabia,1590,2079,2134,2638
L1000810_JPG.rf.452ec701d58eb7f77c9e012264360961.jpg,6000,4000,Arabia,2070,390,2619,977
L1000810_JPG.rf.452ec701d58eb7f77c9e012264360961.jpg,6000,4000,Jelly Black,4085,1020,4519,1549
L1000810_JPG.rf.452ec701d58eb7f77c9e012264360961.jpg,6000,4000,Jelly Black,4190,2180,4610,2716
L1000810_JPG.rf.452ec701d58eb7f77c9e012264360961.jpg,6000,4000,Jelly White,3040,350,3506,881
L1000810_JPG.rf.452ec701d58eb7f77c9e012264360961.jpg,6000,4000,Triangolo,2830,1246,3544,1911
L1000810_JPG.rf.452ec701d58eb7f77c9e012264360961.jpg,6000,4000,Amandina,2710,2095,3541,2818
L1000885_JPG.rf.7c7693bc416e41e630e821fc00c60c84.jpg,6000,4000,Arabia,2350,1430,2910,2020
L1000885_JPG.rf.7c7693bc416e41e630e821fc00c60c84.jpg,6000,4000,Arabia,2240,2320,2790,2890
L1000885_JPG.rf.7c7693bc416e41e630e821fc00c60c84.jpg,6000,4000,Stracciatella,3070,2300,3580,2915
L1000885_JPG.rf.7c7693bc416e41e630e821fc00c60c84.jpg,6000,4000,Stracciatella,3550,1390,4120,1945
L1000885_JPG.rf.7c7693bc416e41e630e821fc00c60c84.jpg,6000,4000,Noblesse,4320,1390,4865,1945
L1000885_JPG.rf.7c7693bc416e41e630e821fc00c60c84.jpg,6000,4000,Noblesse,4410,2490,4955,3090
L1000974_JPG.rf.7e2b559d8f7309a1705b163bcd2e235f.jpg,6000,4000,Amandina,2060,265,2730,1070
L1000974_JPG.rf.7e2b559d8f7309a1705b163bcd2e235f.jpg,6000,4000,Jelly Milk,1930,1490,2430,1925
L1000974_JPG.rf.7e2b559d8f7309a1705b163bcd2e235f.jpg,6000,4000,Jelly Milk,3370,2090,3925,2505
L1000974_JPG.rf.7e2b559d8f7309a1705b163bcd2e235f.jpg,6000,4000,Jelly Black,3090,1370,3545,1915
L1000974_JPG.rf.7e2b559d8f7309a1705b163bcd2e235f.jpg,6000,4000,Jelly Black,2490,2720,2965,3235
L1000974_JPG.rf.7e2b559d8f7309a1705b163bcd2e235f.jpg,6000,4000,Jelly White,2960,780,3475,1270
L1000974_JPG.rf.7e2b559d8f7309a1705b163bcd2e235f.jpg,6000,4000,Jelly White,2670,2270,3160,2745
L1000974_JPG.rf.7e2b559d8f7309a1705b163bcd2e235f.jpg,6000,4000,Amandina,3160,2530,3895,3220
L1000916_JPG.rf.93edcce57def6e66bed60f342fea96b2.jpg,6000,4000,Comtesse,2910,620,3470,1135
L1000916_JPG.rf.93edcce57def6e66bed60f342fea96b2.jpg,6000,4000,Comtesse,3030,1110,3565,1615
L1000916_JPG.rf.93edcce57def6e66bed60f342fea96b2.jpg,6000,4000,Creme brulee,2430,2040,3005,2660
L1000916_JPG.rf.93edcce57def6e66bed60f342fea96b2.jpg,6000,4000,Triangolo,3180,2480,3800,3175
L1010004_JPG.rf.b8612475a0323d8af7019268c97e8b54.jpg,6000,4000,Comtesse,820,460,1410,1015
L1010004_JPG.rf.b8612475a0323d8af7019268c97e8b54.jpg,6000,4000,Amandina,930,1290,1730,2080
L1010004_JPG.rf.b8612475a0323d8af7019268c97e8b54.jpg,6000,4000,Creme brulee,3900,450,4485,1050
L1010004_JPG.rf.b8612475a0323d8af7019268c97e8b54.jpg,6000,4000,Tentation noir,2310,480,2965,1165
L1010004_JPG.rf.b8612475a0323d8af7019268c97e8b54.jpg,6000,4000,Triangolo,1980,1860,2660,2585
L1010004_JPG.rf.b8612475a0323d8af7019268c97e8b54.jpg,6000,4000,Jelly Milk,3040,630,3515,1080
L1010004_JPG.rf.b8612475a0323d8af7019268c97e8b54.jpg,6000,4000,Jelly White,3200,1460,3760,1934
L1010004_JPG.rf.b8612475a0323d8af7019268c97e8b54.jpg,6000,4000,Jelly Black,3726,1480,4252,2055
Noir_authentique_JPG.rf.0dccbd4da5fc705d8576eb000606404a.jpg,6000,4000,Noir authentique,2980,1836,3608,2455
L1000828_JPG.rf.30268c7811215551a111b3e4a714bee2.jpg,6000,4000,Comtesse,1790,280,2320,815
L1000828_JPG.rf.30268c7811215551a111b3e4a714bee2.jpg,6000,4000,Comtesse,3150,2370,3685,2900
L1000828_JPG.rf.30268c7811215551a111b3e4a714bee2.jpg,6000,4000,Stracciatella,4640,1760,5190,2300
L1000828_JPG.rf.30268c7811215551a111b3e4a714bee2.jpg,6000,4000,Stracciatella,3600,270,4110,790
L1000828_JPG.rf.30268c7811215551a111b3e4a714bee2.jpg,6000,4000,Passion au lait,1130,880,1790,1540
L1000828_JPG.rf.30268c7811215551a111b3e4a714bee2.jpg,6000,4000,Noir authentique,3610,1870,4180,2445
L1000828_JPG.rf.30268c7811215551a111b3e4a714bee2.jpg,6000,4000,Arabia,2800,3150,3355,3700
L1010008_JPG.rf.10ce5b6dd8575ce5a7b5158aaa8d8c05.jpg,6000,4000,Creme brulee,3080,250,3650,905
L1010008_JPG.rf.10ce5b6dd8575ce5a7b5158aaa8d8c05.jpg,6000,4000,Creme brulee,1950,2550,2485,3150
L1010008_JPG.rf.10ce5b6dd8575ce5a7b5158aaa8d8c05.jpg,6000,4000,Amandina,2220,990,2965,1635
L1010008_JPG.rf.10ce5b6dd8575ce5a7b5158aaa8d8c05.jpg,6000,4000,Amandina,3840,2180,4385,3040
L1010008_JPG.rf.10ce5b6dd8575ce5a7b5158aaa8d8c05.jpg,6000,4000,Comtesse,2010,1980,2550,2510
L1010008_JPG.rf.10ce5b6dd8575ce5a7b5158aaa8d8c05.jpg,6000,4000,Comtesse,2420,2450,2945,2965
L1010032_JPG.rf.95f9ca09d684e5d6e22abfa84318a0f3.jpg,6000,4000,Comtesse,1070,1150,1615,1710
L1010032_JPG.rf.95f9ca09d684e5d6e22abfa84318a0f3.jpg,6000,4000,Comtesse,1230,2230,1770,2785
L1010032_JPG.rf.95f9ca09d684e5d6e22abfa84318a0f3.jpg,6000,4000,Tentation noir,1700,1010,2360,1600
L1010032_JPG.rf.95f9ca09d684e5d6e22abfa84318a0f3.jpg,6000,4000,Tentation noir,2610,650,3180,1250
L1010032_JPG.rf.95f9ca09d684e5d6e22abfa84318a0f3.jpg,6000,4000,Triangolo,3720,500,4355,1135
L1010032_JPG.rf.95f9ca09d684e5d6e22abfa84318a0f3.jpg,6000,4000,Triangolo,3630,1690,4300,2305
L1000914_JPG.rf.b8834d031b3e1518c8838176a05da276.jpg,6000,4000,Stracciatella,1690,60,2285,635
L1000914_JPG.rf.b8834d031b3e1518c8838176a05da276.jpg,6000,4000,Stracciatella,1440,1200,2005,1795
L1000914_JPG.rf.b8834d031b3e1518c8838176a05da276.jpg,6000,4000,Tentation noir,1550,2210,2075,2770
L1000914_JPG.rf.b8834d031b3e1518c8838176a05da276.jpg,6000,4000,Tentation noir,680,1500,1265,2110
L1000914_JPG.rf.b8834d031b3e1518c8838176a05da276.jpg,6000,4000,Passion au lait,2760,1650,3460,2285
L1000914_JPG.rf.b8834d031b3e1518c8838176a05da276.jpg,6000,4000,Passion au lait,2380,670,3070,1310
L1000872_JPG.rf.8bfa1f324ad294cb81159d855bb86e5c.jpg,6000,4000,Creme brulee,840,1840,1460,2485
L1000872_JPG.rf.8bfa1f324ad294cb81159d855bb86e5c.jpg,6000,4000,Creme brulee,2900,1290,3500,1915
L1000872_JPG.rf.8bfa1f324ad294cb81159d855bb86e5c.jpg,6000,4000,Arabia,1950,1420,2485,1940
L1000872_JPG.rf.8bfa1f324ad294cb81159d855bb86e5c.jpg,6000,4000,Arabia,3850,2200,4410,2760
L1000872_JPG.rf.8bfa1f324ad294cb81159d855bb86e5c.jpg,6000,4000,Passion au lait,2310,2130,3010,2810
L1000870_JPG.rf.c61e65afab84255cabf0c202a33c08a0.jpg,6000,4000,Noir authentique,3020,1530,3635,2180
L1000870_JPG.rf.c61e65afab84255cabf0c202a33c08a0.jpg,6000,4000,Comtesse,2010,1080,2560,1665
L1000870_JPG.rf.c61e65afab84255cabf0c202a33c08a0.jpg,6000,4000,Triangolo,1060,1010,1745,1715
L1000870_JPG.rf.c61e65afab84255cabf0c202a33c08a0.jpg,6000,4000,Noir authentique,590,1430,1230,2105
L1000870_JPG.rf.c61e65afab84255cabf0c202a33c08a0.jpg,6000,4000,Tentation noir,565,2610,1190,3305
L1000851_JPG.rf.3151c34bc00ea4730c6a89a26de7b5d6.jpg,6000,4000,Creme brulee,2370,1780,2970,2395
L1000851_JPG.rf.3151c34bc00ea4730c6a89a26de7b5d6.jpg,6000,4000,Noblesse,2450,970,3015,1560
L1000851_JPG.rf.3151c34bc00ea4730c6a89a26de7b5d6.jpg,6000,4000,Noir authentique,3240,1390,3840,2030
L1000851_JPG.rf.3151c34bc00ea4730c6a89a26de7b5d6.jpg,6000,4000,Arabia,3070,2220,3630,2785
L1000768_JPG.rf.ee0b8d6092a46fdb0e1213ace53b071d.jpg,6000,4000,Stracciatella,1890,2310,2524,2967
L1000768_JPG.rf.ee0b8d6092a46fdb0e1213ace53b071d.jpg,6000,4000,Stracciatella,4900,886,5523,1501
L1000768_JPG.rf.ee0b8d6092a46fdb0e1213ace53b071d.jpg,6000,4000,Comtesse,3670,1879,4261,2468
L1000768_JPG.rf.ee0b8d6092a46fdb0e1213ace53b071d.jpg,6000,4000,Noblesse,4970,2850,5574,3478
Jelly_Black_JPG.rf.ba677d7e4559a26895d032b5bb1b8964.jpg,6000,4000,Jelly Black,3050,2030,3608,2491
L1000971_JPG.rf.6b379df13c94fd58aba0dac0bcc688d1.jpg,6000,4000,Amandina,2860,2540,3750,3055
L1000971_JPG.rf.6b379df13c94fd58aba0dac0bcc688d1.jpg,6000,4000,Amandina,1740,440,2595,1120
L1000971_JPG.rf.6b379df13c94fd58aba0dac0bcc688d1.jpg,6000,4000,Triangolo,1200,1300,1880,2035
L1000971_JPG.rf.6b379df13c94fd58aba0dac0bcc688d1.jpg,6000,4000,Triangolo,2810,240,3535,900
L1000971_JPG.rf.6b379df13c94fd58aba0dac0bcc688d1.jpg,6000,4000,Creme brulee,3490,1250,4110,1865
L1000971_JPG.rf.6b379df13c94fd58aba0dac0bcc688d1.jpg,6000,4000,Creme brulee,1870,2540,2500,3195
L1000808_JPG.rf.de569621aee39ff94766e67b8147b674.jpg,6000,4000,Jelly Milk,1770,850,2245,1345
L1000808_JPG.rf.de569621aee39ff94766e67b8147b674.jpg,6000,4000,Jelly Milk,2620,1610,3095,2100
L1000808_JPG.rf.de569621aee39ff94766e67b8147b674.jpg,6000,4000,Jelly Milk,2190,2910,2605,3440
L1000808_JPG.rf.de569621aee39ff94766e67b8147b674.jpg,6000,4000,Jelly Black,2850,2380,3360,2805
L1000808_JPG.rf.de569621aee39ff94766e67b8147b674.jpg,6000,4000,Jelly Black,4030,3100,4445,3640
L1000808_JPG.rf.de569621aee39ff94766e67b8147b674.jpg,6000,4000,Jelly Black,4010,1060,4525,1455
L1000808_JPG.rf.de569621aee39ff94766e67b8147b674.jpg,6000,4000,Jelly White,2870,710,3250,1280
L1000808_JPG.rf.de569621aee39ff94766e67b8147b674.jpg,6000,4000,Jelly White,3680,630,4155,1120
L1000808_JPG.rf.de569621aee39ff94766e67b8147b674.jpg,6000,4000,Jelly White,4990,2860,5520,3315
L1000866_JPG.rf.eaefcf7e8418e3fca01c80bdb1baefed.jpg,6000,4000,Amandina,1400,1360,2140,2195
L1000866_JPG.rf.eaefcf7e8418e3fca01c80bdb1baefed.jpg,6000,4000,Amandina,2880,2390,3315,3410
L1000866_JPG.rf.eaefcf7e8418e3fca01c80bdb1baefed.jpg,6000,4000,Noblesse,4110,1630,4715,2255
L1000866_JPG.rf.eaefcf7e8418e3fca01c80bdb1baefed.jpg,6000,4000,Passion au lait,410,2590,1125,3360
L1000866_JPG.rf.eaefcf7e8418e3fca01c80bdb1baefed.jpg,6000,4000,Jelly Milk,1550,2690,2020,3220
L1000866_JPG.rf.eaefcf7e8418e3fca01c80bdb1baefed.jpg,6000,4000,Jelly Milk,3550,2980,4005,3560
L1000866_JPG.rf.eaefcf7e8418e3fca01c80bdb1baefed.jpg,6000,4000,Noir authentique,4170,2530,4820,3210
L1000880_JPG.rf.c4111687e5353df119cab4d45337cb4b.jpg,6000,4000,Tentation noir,2600,560,3150,1130
L1000880_JPG.rf.c4111687e5353df119cab4d45337cb4b.jpg,6000,4000,Passion au lait,3830,1760,4525,2390
L1000880_JPG.rf.c4111687e5353df119cab4d45337cb4b.jpg,6000,4000,Passion au lait,3710,510,4385,1145
L1000880_JPG.rf.c4111687e5353df119cab4d45337cb4b.jpg,6000,4000,Noblesse,1730,1070,2260,1620
L1000880_JPG.rf.c4111687e5353df119cab4d45337cb4b.jpg,6000,4000,Comtesse,1940,1595,2435,2085
L1010026_JPG.rf.b354999d1d68a0ba02f0b07b579e162e.jpg,6000,4000,Triangolo,2550,990,3275,1695
L1010026_JPG.rf.b354999d1d68a0ba02f0b07b579e162e.jpg,6000,4000,Triangolo,2545,1720,3255,2385
L1010026_JPG.rf.b354999d1d68a0ba02f0b07b579e162e.jpg,6000,4000,Triangolo,1720,2320,2430,3000
L1010026_JPG.rf.b354999d1d68a0ba02f0b07b579e162e.jpg,6000,4000,Tentation noir,1080,890,1700,1555
L1010026_JPG.rf.b354999d1d68a0ba02f0b07b579e162e.jpg,6000,4000,Tentation noir,1095,1575,1680,2205
L1010026_JPG.rf.b354999d1d68a0ba02f0b07b579e162e.jpg,6000,4000,Tentation noir,1840,1570,2415,2190
L1010026_JPG.rf.b354999d1d68a0ba02f0b07b579e162e.jpg,6000,4000,Stracciatella,1100,2350,1665,2925
L1010026_JPG.rf.b354999d1d68a0ba02f0b07b579e162e.jpg,6000,4000,Stracciatella,3440,2380,4040,3005
L1010026_JPG.rf.b354999d1d68a0ba02f0b07b579e162e.jpg,6000,4000,Arabia,3400,1710,3975,2275
L1010026_JPG.rf.b354999d1d68a0ba02f0b07b579e162e.jpg,6000,4000,Arabia,3350,1010,3925,1600
L1010026_JPG.rf.b354999d1d68a0ba02f0b07b579e162e.jpg,6000,4000,Passion au lait,2510,2390,3275,3080
L1010026_JPG.rf.b354999d1d68a0ba02f0b07b579e162e.jpg,6000,4000,Passion au lait,1800,830,2475,1550
Tentation_noir_JPG.rf.296186500e22b04f658d8e9e5563bc4c.jpg,6000,4000,Tentation noir,2920,1951,3551,2622
L1000977_JPG.rf.7e9521f316786881ad565e03e136bf94.jpg,6000,4000,Noir authentique,1520,830,2100,1405
L1000977_JPG.rf.7e9521f316786881ad565e03e136bf94.jpg,6000,4000,Noir authentique,1040,1840,1595,2430
L1000977_JPG.rf.7e9521f316786881ad565e03e136bf94.jpg,6000,4000,Noir authentique,3060,1710,3615,2280
L1000977_JPG.rf.7e9521f316786881ad565e03e136bf94.jpg,6000,4000,Noblesse,1410,1460,1930,1995
L1000977_JPG.rf.7e9521f316786881ad565e03e136bf94.jpg,6000,4000,Noblesse,3110,2330,3630,2855
L1000977_JPG.rf.7e9521f316786881ad565e03e136bf94.jpg,6000,4000,Noblesse,1740,2830,2295,3390
L1000977_JPG.rf.7e9521f316786881ad565e03e136bf94.jpg,6000,4000,Comtesse,1680,1990,2185,2475
L1000977_JPG.rf.7e9521f316786881ad565e03e136bf94.jpg,6000,4000,Comtesse,2340,2840,2845,3370
L1000977_JPG.rf.7e9521f316786881ad565e03e136bf94.jpg,6000,4000,Comtesse,2390,1790,2885,2290
L1000859_JPG.rf.c4de4f4a616106dcbfa1d87f67dbe8b4.jpg,6000,4000,Comtesse,2230,1360,2740,1875
L1000859_JPG.rf.c4de4f4a616106dcbfa1d87f67dbe8b4.jpg,6000,4000,Creme brulee,1820,3140,2430,3755
L1000859_JPG.rf.c4de4f4a616106dcbfa1d87f67dbe8b4.jpg,6000,4000,Creme brulee,3930,1770,4490,2360
L1000859_JPG.rf.c4de4f4a616106dcbfa1d87f67dbe8b4.jpg,6000,4000,Amandina,3740,2740,4370,3570
L1000859_JPG.rf.c4de4f4a616106dcbfa1d87f67dbe8b4.jpg,6000,4000,Passion au lait,3450,530,4155,1200
L1000923_JPG.rf.e3b9bf6a642b9f923ac6d3fdd04f7ec0.jpg,6000,4000,Noblesse,4060,1350,4650,1955
L1000923_JPG.rf.e3b9bf6a642b9f923ac6d3fdd04f7ec0.jpg,6000,4000,Tentation noir,3330,960,3900,1550
L1000923_JPG.rf.e3b9bf6a642b9f923ac6d3fdd04f7ec0.jpg,6000,4000,Stracciatella,2780,1370,3385,1970
L1000923_JPG.rf.e3b9bf6a642b9f923ac6d3fdd04f7ec0.jpg,6000,4000,Arabia,1780,1170,2320,1735
L1000923_JPG.rf.e3b9bf6a642b9f923ac6d3fdd04f7ec0.jpg,6000,4000,Noir authentique,770,1460,1420,2100
L1000923_JPG.rf.e3b9bf6a642b9f923ac6d3fdd04f7ec0.jpg,6000,4000,Triangolo,760,2720,1420,3365
L1000923_JPG.rf.e3b9bf6a642b9f923ac6d3fdd04f7ec0.jpg,6000,4000,Passion au lait,1610,2690,2270,3395
L1000923_JPG.rf.e3b9bf6a642b9f923ac6d3fdd04f7ec0.jpg,6000,4000,Amandina,2670,2910,3575,3320
L1000923_JPG.rf.e3b9bf6a642b9f923ac6d3fdd04f7ec0.jpg,6000,4000,Jelly Black,1470,2100,1885,2615
L1000923_JPG.rf.e3b9bf6a642b9f923ac6d3fdd04f7ec0.jpg,6000,4000,Creme brulee,2430,2060,3060,2650
L1000923_JPG.rf.e3b9bf6a642b9f923ac6d3fdd04f7ec0.jpg,6000,4000,Comtesse,3200,2150,3705,2675
L1000923_JPG.rf.e3b9bf6a642b9f923ac6d3fdd04f7ec0.jpg,6000,4000,Jelly White,3890,2780,4280,3375
L1000923_JPG.rf.e3b9bf6a642b9f923ac6d3fdd04f7ec0.jpg,6000,4000,Jelly Milk,4285,2700,4640,3235
L1000979_JPG.rf.f41990dde2eed03d4d40d1c6ed7c6646.jpg,6000,4000,Triangolo,380,1750,1105,2425
L1000979_JPG.rf.f41990dde2eed03d4d40d1c6ed7c6646.jpg,6000,4000,Triangolo,1740,2760,2465,3425
L1000979_JPG.rf.f41990dde2eed03d4d40d1c6ed7c6646.jpg,6000,4000,Creme brulee,2710,3150,3380,3755
L1000979_JPG.rf.f41990dde2eed03d4d40d1c6ed7c6646.jpg,6000,4000,Creme brulee,2550,1180,3100,1770
L1000979_JPG.rf.f41990dde2eed03d4d40d1c6ed7c6646.jpg,6000,4000,Amandina,2030,230,2505,1170
L1000979_JPG.rf.f41990dde2eed03d4d40d1c6ed7c6646.jpg,6000,4000,Amandina,2780,2310,3705,2790
L1000979_JPG.rf.f41990dde2eed03d4d40d1c6ed7c6646.jpg,6000,4000,Jelly White,1340,1030,1845,1425
L1000979_JPG.rf.f41990dde2eed03d4d40d1c6ed7c6646.jpg,6000,4000,Jelly White,1690,2220,2150,2725
L1000979_JPG.rf.f41990dde2eed03d4d40d1c6ed7c6646.jpg,6000,4000,Jelly White,3180,1500,3590,2000
L1000964_JPG.rf.1779d4b6cb8c76517e158a858ca72ab3.jpg,6000,4000,Noblesse,2150,60,2795,700
L1000964_JPG.rf.1779d4b6cb8c76517e158a858ca72ab3.jpg,6000,4000,Noblesse,4110,1880,4725,2495
L1000964_JPG.rf.1779d4b6cb8c76517e158a858ca72ab3.jpg,6000,4000,Jelly Milk,1100,3540,1675,4000
L1000964_JPG.rf.1779d4b6cb8c76517e158a858ca72ab3.jpg,6000,4000,Jelly Black,2370,3060,2920,3525
L1000964_JPG.rf.1779d4b6cb8c76517e158a858ca72ab3.jpg,6000,4000,Arabia,3390,690,3975,1265
L1000779_JPG.rf.47bb5ce169674389ce57648fcd6cb106.jpg,6000,4000,Amandina,2110,1120,2640,2010
L1000779_JPG.rf.47bb5ce169674389ce57648fcd6cb106.jpg,6000,4000,Creme brulee,1630,2310,2255,2950
L1000779_JPG.rf.47bb5ce169674389ce57648fcd6cb106.jpg,6000,4000,Jelly Black,2990,3110,3525,3525
L1000779_JPG.rf.47bb5ce169674389ce57648fcd6cb106.jpg,6000,4000,Stracciatella,4280,970,4850,1575
L1000779_JPG.rf.47bb5ce169674389ce57648fcd6cb106.jpg,6000,4000,Arabia,4140,2600,4670,3125
L1000779_JPG.rf.47bb5ce169674389ce57648fcd6cb106.jpg,6000,4000,Arabia,4660,2730,5155,3260